{}{
    "id": 1,
    "nom": "bulbasaur",
    "taille": "7",
    "poids": "69",
    "sprite": "https://raw.githubusercontent.com/PokeAPI/sprites/master/sprites/pokemon/1.png",
    "type": "Poison",
    "PV": 45,
    "Attaque": 49,
    "D\u00e9fense": 49,
    "Attaque Sp\u00e9ciale": 65,
    "D\u00e9fense Sp\u00e9ciale": 65,
    "Vitesse": 45
}{
    "id": 2,
    "nom": "ivysaur",
    "taille": "10",
    "poids": "130",
    "sprite": "https://raw.githubusercontent.com/PokeAPI/sprites/master/sprites/pokemon/2.png",
    "type": "Poison",
    "PV": 60,
    "Attaque": 62,
    "D\u00e9fense": 63,
    "Attaque Sp\u00e9ciale": 80,
    "D\u00e9fense Sp\u00e9ciale": 80,
    "Vitesse": 60
}{
    "id": 3,
    "nom": "venusaur",
    "taille": "20",
    "poids": "1000",
    "sprite": "https://raw.githubusercontent.com/PokeAPI/sprites/master/sprites/pokemon/3.png",
    "type": "Poison",
    "PV": 80,
    "Attaque": 82,
    "D\u00e9fense": 83,
    "Attaque Sp\u00e9ciale": 100,
    "D\u00e9fense Sp\u00e9ciale": 100,
    "Vitesse": 80
}{
    "id": 4,
    "nom": "charmander",
    "taille": "6",
    "poids": "85",
    "sprite": "https://raw.githubusercontent.com/PokeAPI/sprites/master/sprites/pokemon/4.png",
    "type": "Feu",
    "PV": 39,
    "Attaque": 52,
    "D\u00e9fense": 43,
    "Attaque Sp\u00e9ciale": 60,
    "D\u00e9fense Sp\u00e9ciale": 50,
    "Vitesse": 65
}{
    "id": 5,
    "nom": "charmeleon",
    "taille": "11",
    "poids": "190",
    "sprite": "https://raw.githubusercontent.com/PokeAPI/sprites/master/sprites/pokemon/5.png",
    "type": "Feu",
    "PV": 58,
    "Attaque": 64,
    "D\u00e9fense": 58,
    "Attaque Sp\u00e9ciale": 80,
    "D\u00e9fense Sp\u00e9ciale": 65,
    "Vitesse": 80
}{
    "id": 6,
    "nom": "charizard",
    "taille": "17",
    "poids": "905",
    "sprite": "https://raw.githubusercontent.com/PokeAPI/sprites/master/sprites/pokemon/6.png",
    "type": "Vol",
    "PV": 78,
    "Attaque": 84,
    "D\u00e9fense": 78,
    "Attaque Sp\u00e9ciale": 109,
    "D\u00e9fense Sp\u00e9ciale": 85,
    "Vitesse": 100
}{
    "id": 8,
    "nom": "wartortle",
    "taille": "10",
    "poids": "225",
    "sprite": "https://raw.githubusercontent.com/PokeAPI/sprites/master/sprites/pokemon/8.png",
    "type": "Eau",
    "PV": 59,
    "Attaque": 63,
    "D\u00e9fense": 80,
    "Attaque Sp\u00e9ciale": 65,
    "D\u00e9fense Sp\u00e9ciale": 80,
    "Vitesse": 58
}{
    "id": 9,
    "nom": "blastoise",
    "taille": "16",
    "poids": "855",
    "sprite": "https://raw.githubusercontent.com/PokeAPI/sprites/master/sprites/pokemon/9.png",
    "type": "Eau",
    "PV": 79,
    "Attaque": 83,
    "D\u00e9fense": 100,
    "Attaque Sp\u00e9ciale": 85,
    "D\u00e9fense Sp\u00e9ciale": 105,
    "Vitesse": 78
}{
    "id": 10,
    "nom": "caterpie",
    "taille": "3",
    "poids": "29",
    "sprite": "https://raw.githubusercontent.com/PokeAPI/sprites/master/sprites/pokemon/10.png",
    "type": "Insecte",
    "PV": 45,
    "Attaque": 30,
    "D\u00e9fense": 35,
    "Attaque Sp\u00e9ciale": 20,
    "D\u00e9fense Sp\u00e9ciale": 20,
    "Vitesse": 45
}{
    "id": 11,
    "nom": "metapod",
    "taille": "7",
    "poids": "99",
    "sprite": "https://raw.githubusercontent.com/PokeAPI/sprites/master/sprites/pokemon/11.png",
    "type": "Insecte",
    "PV": 50,
    "Attaque": 20,
    "D\u00e9fense": 55,
    "Attaque Sp\u00e9ciale": 25,
    "D\u00e9fense Sp\u00e9ciale": 25,
    "Vitesse": 30
}{
    "id": 14,
    "nom": "kakuna",
    "taille": "6",
    "poids": "100",
    "sprite": "https://raw.githubusercontent.com/PokeAPI/sprites/master/sprites/pokemon/14.png",
    "type": "Poison",
    "PV": 45,
    "Attaque": 25,
    "D\u00e9fense": 50,
    "Attaque Sp\u00e9ciale": 25,
    "D\u00e9fense Sp\u00e9ciale": 25,
    "Vitesse": 35
}{
    "id": 19,
    "nom": "rattata",
    "taille": "3",
    "poids": "35",
    "sprite": "https://raw.githubusercontent.com/PokeAPI/sprites/master/sprites/pokemon/19.png",
    "type": "Normal",
    "PV": 30,
    "Attaque": 56,
    "D\u00e9fense": 35,
    "Attaque Sp\u00e9ciale": 25,
    "D\u00e9fense Sp\u00e9ciale": 35,
    "Vitesse": 72
}{
    "id": 20,
    "nom": "raticate",
    "taille": "7",
    "poids": "185",
    "sprite": "https://raw.githubusercontent.com/PokeAPI/sprites/master/sprites/pokemon/20.png",
    "type": "Normal",
    "PV": 55,
    "Attaque": 81,
    "D\u00e9fense": 60,
    "Attaque Sp\u00e9ciale": 50,
    "D\u00e9fense Sp\u00e9ciale": 70,
    "Vitesse": 97
}{
    "id": 21,
    "nom": "spearow",
    "taille": "3",
    "poids": "20",
    "sprite": "https://raw.githubusercontent.com/PokeAPI/sprites/master/sprites/pokemon/21.png",
    "type": "Vol",
    "PV": 40,
    "Attaque": 60,
    "D\u00e9fense": 30,
    "Attaque Sp\u00e9ciale": 31,
    "D\u00e9fense Sp\u00e9ciale": 31,
    "Vitesse": 70
}{
    "id": 22,
    "nom": "fearow",
    "taille": "12",
    "poids": "380",
    "sprite": "https://raw.githubusercontent.com/PokeAPI/sprites/master/sprites/pokemon/22.png",
    "type": "Vol",
    "PV": 65,
    "Attaque": 90,
    "D\u00e9fense": 65,
    "Attaque Sp\u00e9ciale": 61,
    "D\u00e9fense Sp\u00e9ciale": 61,
    "Vitesse": 100
}{
    "id": 23,
    "nom": "ekans",
    "taille": "20",
    "poids": "69",
    "sprite": "https://raw.githubusercontent.com/PokeAPI/sprites/master/sprites/pokemon/23.png",
    "type": "Poison",
    "PV": 35,
    "Attaque": 60,
    "D\u00e9fense": 44,
    "Attaque Sp\u00e9ciale": 40,
    "D\u00e9fense Sp\u00e9ciale": 54,
    "Vitesse": 55
}{
    "id": 24,
    "nom": "arbok",
    "taille": "35",
    "poids": "650",
    "sprite": "https://raw.githubusercontent.com/PokeAPI/sprites/master/sprites/pokemon/24.png",
    "type": "Poison",
    "PV": 60,
    "Attaque": 95,
    "D\u00e9fense": 69,
    "Attaque Sp\u00e9ciale": 65,
    "D\u00e9fense Sp\u00e9ciale": 79,
    "Vitesse": 80
}{
    "id": 25,
    "nom": "pikachu",
    "taille": "4",
    "poids": "60",
    "sprite": "https://raw.githubusercontent.com/PokeAPI/sprites/master/sprites/pokemon/25.png",
    "type": "\u00c9lectrik",
    "PV": 35,
    "Attaque": 55,
    "D\u00e9fense": 40,
    "Attaque Sp\u00e9ciale": 50,
    "D\u00e9fense Sp\u00e9ciale": 50,
    "Vitesse": 90
}{
    "id": 26,
    "nom": "raichu",
    "taille": "8",
    "poids": "300",
    "sprite": "https://raw.githubusercontent.com/PokeAPI/sprites/master/sprites/pokemon/26.png",
    "type": "\u00c9lectrik",
    "PV": 60,
    "Attaque": 90,
    "D\u00e9fense": 55,
    "Attaque Sp\u00e9ciale": 90,
    "D\u00e9fense Sp\u00e9ciale": 80,
    "Vitesse": 110
}{
    "id": 27,
    "nom": "sandshrew",
    "taille": "6",
    "poids": "120",
    "sprite": "https://raw.githubusercontent.com/PokeAPI/sprites/master/sprites/pokemon/27.png",
    "type": "Sol",
    "PV": 50,
    "Attaque": 75,
    "D\u00e9fense": 85,
    "Attaque Sp\u00e9ciale": 20,
    "D\u00e9fense Sp\u00e9ciale": 30,
    "Vitesse": 40
}{
    "id": 28,
    "nom": "sandslash",
    "taille": "10",
    "poids": "295",
    "sprite": "https://raw.githubusercontent.com/PokeAPI/sprites/master/sprites/pokemon/28.png",
    "type": "Sol",
    "PV": 75,
    "Attaque": 100,
    "D\u00e9fense": 110,
    "Attaque Sp\u00e9ciale": 45,
    "D\u00e9fense Sp\u00e9ciale": 55,
    "Vitesse": 65
}{
    "id": 29,
    "nom": "nidoran-f",
    "taille": "4",
    "poids": "70",
    "sprite": "https://raw.githubusercontent.com/PokeAPI/sprites/master/sprites/pokemon/29.png",
    "type": "Poison",
    "PV": 55,
    "Attaque": 47,
    "D\u00e9fense": 52,
    "Attaque Sp\u00e9ciale": 40,
    "D\u00e9fense Sp\u00e9ciale": 40,
    "Vitesse": 41
}{
    "id": 30,
    "nom": "nidorina",
    "taille": "8",
    "poids": "200",
    "sprite": "https://raw.githubusercontent.com/PokeAPI/sprites/master/sprites/pokemon/30.png",
    "type": "Poison",
    "PV": 70,
    "Attaque": 62,
    "D\u00e9fense": 67,
    "Attaque Sp\u00e9ciale": 55,
    "D\u00e9fense Sp\u00e9ciale": 55,
    "Vitesse": 56
}{
    "id": 32,
    "nom": "nidoran-m",
    "taille": "5",
    "poids": "90",
    "sprite": "https://raw.githubusercontent.com/PokeAPI/sprites/master/sprites/pokemon/32.png",
    "type": "Poison",
    "PV": 46,
    "Attaque": 57,
    "D\u00e9fense": 40,
    "Attaque Sp\u00e9ciale": 40,
    "D\u00e9fense Sp\u00e9ciale": 40,
    "Vitesse": 50
}{
    "id": 35,
    "nom": "clefairy",
    "taille": "6",
    "poids": "75",
    "sprite": "https://raw.githubusercontent.com/PokeAPI/sprites/master/sprites/pokemon/35.png",
    "type": "F\u00e9e",
    "PV": 70,
    "Attaque": 45,
    "D\u00e9fense": 48,
    "Attaque Sp\u00e9ciale": 60,
    "D\u00e9fense Sp\u00e9ciale": 65,
    "Vitesse": 35
}{
    "id": 36,
    "nom": "clefable",
    "taille": "13",
    "poids": "400",
    "sprite": "https://raw.githubusercontent.com/PokeAPI/sprites/master/sprites/pokemon/36.png",
    "type": "F\u00e9e",
    "PV": 95,
    "Attaque": 70,
    "D\u00e9fense": 73,
    "Attaque Sp\u00e9ciale": 95,
    "D\u00e9fense Sp\u00e9ciale": 90,
    "Vitesse": 60
}{
    "id": 38,
    "nom": "ninetales",
    "taille": "11",
    "poids": "199",
    "sprite": "https://raw.githubusercontent.com/PokeAPI/sprites/master/sprites/pokemon/38.png",
    "type": "Feu",
    "PV": 73,
    "Attaque": 76,
    "D\u00e9fense": 75,
    "Attaque Sp\u00e9ciale": 81,
    "D\u00e9fense Sp\u00e9ciale": 100,
    "Vitesse": 100
}{
    "id": 41,
    "nom": "zubat",
    "taille": "8",
    "poids": "75",
    "sprite": "https://raw.githubusercontent.com/PokeAPI/sprites/master/sprites/pokemon/41.png",
    "type": "Vol",
    "PV": 40,
    "Attaque": 45,
    "D\u00e9fense": 35,
    "Attaque Sp\u00e9ciale": 30,
    "D\u00e9fense Sp\u00e9ciale": 40,
    "Vitesse": 55
}{
    "id": 42,
    "nom": "golbat",
    "taille": "16",
    "poids": "550",
    "sprite": "https://raw.githubusercontent.com/PokeAPI/sprites/master/sprites/pokemon/42.png",
    "type": "Vol",
    "PV": 75,
    "Attaque": 80,
    "D\u00e9fense": 70,
    "Attaque Sp\u00e9ciale": 65,
    "D\u00e9fense Sp\u00e9ciale": 75,
    "Vitesse": 90
}{
    "id": 46,
    "nom": "paras",
    "taille": "3",
    "poids": "54",
    "sprite": "https://raw.githubusercontent.com/PokeAPI/sprites/master/sprites/pokemon/46.png",
    "type": "Plante",
    "PV": 35,
    "Attaque": 70,
    "D\u00e9fense": 55,
    "Attaque Sp\u00e9ciale": 45,
    "D\u00e9fense Sp\u00e9ciale": 55,
    "Vitesse": 25
}{
    "id": 47,
    "nom": "parasect",
    "taille": "10",
    "poids": "295",
    "sprite": "https://raw.githubusercontent.com/PokeAPI/sprites/master/sprites/pokemon/47.png",
    "type": "Plante",
    "PV": 60,
    "Attaque": 95,
    "D\u00e9fense": 80,
    "Attaque Sp\u00e9ciale": 60,
    "D\u00e9fense Sp\u00e9ciale": 80,
    "Vitesse": 30
}{
    "id": 48,
    "nom": "venonat",
    "taille": "10",
    "poids": "300",
    "sprite": "https://raw.githubusercontent.com/PokeAPI/sprites/master/sprites/pokemon/48.png",
    "type": "Poison",
    "PV": 60,
    "Attaque": 55,
    "D\u00e9fense": 50,
    "Attaque Sp\u00e9ciale": 40,
    "D\u00e9fense Sp\u00e9ciale": 55,
    "Vitesse": 45
}